-- MariaDB dump 10.17  Distrib 10.4.13-MariaDB, for Linux (x86_64)
--
-- Host: 40.84.141.205    Database: 
-- ------------------------------------------------------
-- Server version	5.7.30-0ubuntu0.18.04.1

/*!40101 SET @OLD_CHARACTER_SET_CLIENT=@@CHARACTER_SET_CLIENT */;
/*!40101 SET @OLD_CHARACTER_SET_RESULTS=@@CHARACTER_SET_RESULTS */;
/*!40101 SET @OLD_COLLATION_CONNECTION=@@COLLATION_CONNECTION */;
/*!40101 SET NAMES utf8mb4 */;
/*!40103 SET @OLD_TIME_ZONE=@@TIME_ZONE */;
/*!40103 SET TIME_ZONE='+00:00' */;
/*!40014 SET @OLD_UNIQUE_CHECKS=@@UNIQUE_CHECKS, UNIQUE_CHECKS=0 */;
/*!40014 SET @OLD_FOREIGN_KEY_CHECKS=@@FOREIGN_KEY_CHECKS, FOREIGN_KEY_CHECKS=0 */;
/*!40101 SET @OLD_SQL_MODE=@@SQL_MODE, SQL_MODE='NO_AUTO_VALUE_ON_ZERO' */;
/*!40111 SET @OLD_SQL_NOTES=@@SQL_NOTES, SQL_NOTES=0 */;

--
-- Current Database: `clinica`
--

CREATE DATABASE /*!32312 IF NOT EXISTS*/ `clinica` /*!40100 DEFAULT CHARACTER SET latin1 */;

USE `clinica`;

--
-- Table structure for table `ASCIENTOCONTABLE`
--

DROP TABLE IF EXISTS `ASCIENTOCONTABLE`;
/*!40101 SET @saved_cs_client     = @@character_set_client */;
/*!40101 SET character_set_client = utf8 */;
CREATE TABLE `ASCIENTOCONTABLE` (
  `CODIGO` int(11) NOT NULL AUTO_INCREMENT,
  `CUENTA` varchar(255) DEFAULT NULL,
  `DESCRIPCION` varchar(255) DEFAULT NULL,
  `TIPO` varchar(255) DEFAULT NULL,
  `LIBRODIARIO_CODIGO` int(11) DEFAULT NULL,
  PRIMARY KEY (`CODIGO`),
  KEY `FK_ASCIENTOCONTABLE_LIBRODIARIO_CODIGO` (`LIBRODIARIO_CODIGO`),
  CONSTRAINT `FK_ASCIENTOCONTABLE_LIBRODIARIO_CODIGO` FOREIGN KEY (`LIBRODIARIO_CODIGO`) REFERENCES `LIBRODIARIO` (`CODIGO`)
) ENGINE=InnoDB DEFAULT CHARSET=latin1;
/*!40101 SET character_set_client = @saved_cs_client */;

--
-- Dumping data for table `ASCIENTOCONTABLE`
--

LOCK TABLES `ASCIENTOCONTABLE` WRITE;
/*!40000 ALTER TABLE `ASCIENTOCONTABLE` DISABLE KEYS */;
/*!40000 ALTER TABLE `ASCIENTOCONTABLE` ENABLE KEYS */;
UNLOCK TABLES;

--
-- Table structure for table `CAJA`
--

DROP TABLE IF EXISTS `CAJA`;
/*!40101 SET @saved_cs_client     = @@character_set_client */;
/*!40101 SET character_set_client = utf8 */;
CREATE TABLE `CAJA` (
  `CODIGO` int(11) NOT NULL,
  `DESCRIPCION` varchar(255) DEFAULT NULL,
  `FECHA` date DEFAULT NULL,
  PRIMARY KEY (`CODIGO`)
) ENGINE=InnoDB DEFAULT CHARSET=latin1;
/*!40101 SET character_set_client = @saved_cs_client */;

--
-- Dumping data for table `CAJA`
--

LOCK TABLES `CAJA` WRITE;
/*!40000 ALTER TABLE `CAJA` DISABLE KEYS */;
INSERT INTO `CAJA` (`CODIGO`, `DESCRIPCION`, `FECHA`) VALUES (1,'cierre','2020-07-13'),(2,'Cierre de caja','2020-07-14'),(3,'Cierre de caja','2020-07-14'),(4,'Cierre de caja','2020-07-17');
/*!40000 ALTER TABLE `CAJA` ENABLE KEYS */;
UNLOCK TABLES;

--
-- Table structure for table `CERTIFICADO`
--

DROP TABLE IF EXISTS `CERTIFICADO`;
/*!40101 SET @saved_cs_client     = @@character_set_client */;
/*!40101 SET character_set_client = utf8 */;
CREATE TABLE `CERTIFICADO` (
  `CODIGO` int(11) NOT NULL AUTO_INCREMENT,
  `FECHA` datetime DEFAULT NULL,
  `OBSERVACION` varchar(255) DEFAULT NULL,
  `MEDICO_CODIGO` int(11) DEFAULT NULL,
  `PACIENTE_CODIGO` int(11) DEFAULT NULL,
  PRIMARY KEY (`CODIGO`),
  KEY `FK_CERTIFICADO_MEDICO_CODIGO` (`MEDICO_CODIGO`),
  KEY `FK_CERTIFICADO_PACIENTE_CODIGO` (`PACIENTE_CODIGO`),
  CONSTRAINT `FK_CERTIFICADO_MEDICO_CODIGO` FOREIGN KEY (`MEDICO_CODIGO`) REFERENCES `MEDICO` (`CODIGO`),
  CONSTRAINT `FK_CERTIFICADO_PACIENTE_CODIGO` FOREIGN KEY (`PACIENTE_CODIGO`) REFERENCES `PACIENTE` (`CODIGO`)
) ENGINE=InnoDB DEFAULT CHARSET=latin1;
/*!40101 SET character_set_client = @saved_cs_client */;

--
-- Dumping data for table `CERTIFICADO`
--

LOCK TABLES `CERTIFICADO` WRITE;
/*!40000 ALTER TABLE `CERTIFICADO` DISABLE KEYS */;
/*!40000 ALTER TABLE `CERTIFICADO` ENABLE KEYS */;
UNLOCK TABLES;

--
-- Table structure for table `CITA`
--

DROP TABLE IF EXISTS `CITA`;
/*!40101 SET @saved_cs_client     = @@character_set_client */;
/*!40101 SET character_set_client = utf8 */;
CREATE TABLE `CITA` (
  `CODIGO` int(11) NOT NULL AUTO_INCREMENT,
  `DISPONIBILIDAD` char(1) DEFAULT NULL,
  `FEC_HORA` datetime DEFAULT NULL,
  `MEDICO_CODIGO` int(11) DEFAULT NULL,
  `PACIENTE_CODIGO` int(11) DEFAULT NULL,
  `FECHA` varchar(45) DEFAULT NULL,
  `HORA` varchar(45) DEFAULT NULL,
  PRIMARY KEY (`CODIGO`),
  KEY `FK_CITA_MEDICO_CODIGO` (`MEDICO_CODIGO`),
  KEY `FK_CITA_PACIENTE_CODIGO` (`PACIENTE_CODIGO`),
  CONSTRAINT `FK_CITA_MEDICO_CODIGO` FOREIGN KEY (`MEDICO_CODIGO`) REFERENCES `MEDICO` (`CODIGO`),
  CONSTRAINT `FK_CITA_PACIENTE_CODIGO` FOREIGN KEY (`PACIENTE_CODIGO`) REFERENCES `PACIENTE` (`CODIGO`)
) ENGINE=InnoDB AUTO_INCREMENT=10 DEFAULT CHARSET=latin1;
/*!40101 SET character_set_client = @saved_cs_client */;

--
-- Dumping data for table `CITA`
--

LOCK TABLES `CITA` WRITE;
/*!40000 ALTER TABLE `CITA` DISABLE KEYS */;
INSERT INTO `CITA` (`CODIGO`, `DISPONIBILIDAD`, `FEC_HORA`, `MEDICO_CODIGO`, `PACIENTE_CODIGO`, `FECHA`, `HORA`) VALUES (1,'1','2020-07-11 09:46:00',1,1,'e','y'),(2,'1','2020-07-11 10:46:00',2,2,'u','y'),(3,'1','2020-07-11 12:46:00',2,1,'u','j'),(4,'1','2020-07-11 12:50:00',2,2,'h','i'),(5,'S',NULL,NULL,3,'Mon Jul 13 2020','8:30'),(6,'S',NULL,NULL,3,'Mon Jul 13 2020','12:30'),(7,'S',NULL,NULL,3,'Mon Jul 13 2020','10:30'),(8,'S',NULL,NULL,3,'Mon Jul 13 2020','15:30'),(9,'D',NULL,NULL,3,'Mon Jul 13 2020','11:00');
/*!40000 ALTER TABLE `CITA` ENABLE KEYS */;
UNLOCK TABLES;

--
-- Table structure for table `COLABORADOR`
--

DROP TABLE IF EXISTS `COLABORADOR`;
/*!40101 SET @saved_cs_client     = @@character_set_client */;
/*!40101 SET character_set_client = utf8 */;
CREATE TABLE `COLABORADOR` (
  `CODIGO` int(11) NOT NULL AUTO_INCREMENT,
  `APELLIDO` varchar(255) DEFAULT NULL,
  `CEDULA` varchar(255) DEFAULT NULL,
  `CORREO` varchar(255) DEFAULT NULL,
  `NOMBRE` varchar(255) DEFAULT NULL,
  `PASSWORD` varchar(255) DEFAULT NULL,
  `ROL_CODIGO` int(11) DEFAULT NULL,
  PRIMARY KEY (`CODIGO`),
  KEY `FK_COLABORADOR_ROL_CODIGO` (`ROL_CODIGO`),
  CONSTRAINT `FK_COLABORADOR_ROL_CODIGO` FOREIGN KEY (`ROL_CODIGO`) REFERENCES `ROL` (`CODIGO`)
) ENGINE=InnoDB AUTO_INCREMENT=3 DEFAULT CHARSET=latin1;
/*!40101 SET character_set_client = @saved_cs_client */;

--
-- Dumping data for table `COLABORADOR`
--

LOCK TABLES `COLABORADOR` WRITE;
/*!40000 ALTER TABLE `COLABORADOR` DISABLE KEYS */;
INSERT INTO `COLABORADOR` (`CODIGO`, `APELLIDO`, `CEDULA`, `CORREO`, `NOMBRE`, `PASSWORD`, `ROL_CODIGO`) VALUES (1,'ZHU','239485703','lore@zhu','LORENA','lore',2),(2,'DELEG','23948570','natu96@del','NATALYA','natu',3);
/*!40000 ALTER TABLE `COLABORADOR` ENABLE KEYS */;
UNLOCK TABLES;

--
-- Table structure for table `FACTURACABECERA`
--

DROP TABLE IF EXISTS `FACTURACABECERA`;
/*!40101 SET @saved_cs_client     = @@character_set_client */;
/*!40101 SET character_set_client = utf8 */;
CREATE TABLE `FACTURACABECERA` (
  `CODIGO` int(11) NOT NULL,
  `FECHA` date DEFAULT NULL,
  `SUBTOTAL` double DEFAULT NULL,
  `TOTAL` double DEFAULT NULL,
  `TOTAL_IVA` double DEFAULT NULL,
  `CAJA_CODIGO` int(11) DEFAULT NULL,
  PRIMARY KEY (`CODIGO`),
  KEY `FK_FACTURACABECERA_CAJA_CODIGO` (`CAJA_CODIGO`),
  CONSTRAINT `FK_FACTURACABECERA_CAJA_CODIGO` FOREIGN KEY (`CAJA_CODIGO`) REFERENCES `CAJA` (`CODIGO`)
) ENGINE=InnoDB DEFAULT CHARSET=latin1;
/*!40101 SET character_set_client = @saved_cs_client */;

--
-- Dumping data for table `FACTURACABECERA`
--

LOCK TABLES `FACTURACABECERA` WRITE;
/*!40000 ALTER TABLE `FACTURACABECERA` DISABLE KEYS */;
/*!40000 ALTER TABLE `FACTURACABECERA` ENABLE KEYS */;
UNLOCK TABLES;

--
-- Table structure for table `FACTURADETALLE`
--

DROP TABLE IF EXISTS `FACTURADETALLE`;
/*!40101 SET @saved_cs_client     = @@character_set_client */;
/*!40101 SET character_set_client = utf8 */;
CREATE TABLE `FACTURADETALLE` (
  `CODIGO` int(11) NOT NULL AUTO_INCREMENT,
  `CANTIDAD` int(11) DEFAULT NULL,
  `TOTAL` double DEFAULT NULL,
  `FACTURAEGRESO_CODIGO` int(11) DEFAULT NULL,
  `FACTURAINGRESO_CODIGO` int(11) DEFAULT NULL,
  `MEDICAMENTO_CODIGO` int(11) DEFAULT NULL,
  PRIMARY KEY (`CODIGO`),
  KEY `FK_FACTURADETALLE_FACTURAINGRESO_CODIGO` (`FACTURAINGRESO_CODIGO`),
  KEY `FK_FACTURADETALLE_FACTURAEGRESO_CODIGO` (`FACTURAEGRESO_CODIGO`),
  KEY `FK_FACTURADETALLE_MEDICAMENTO_CODIGO` (`MEDICAMENTO_CODIGO`),
  CONSTRAINT `FK_FACTURADETALLE_FACTURAEGRESO_CODIGO` FOREIGN KEY (`FACTURAEGRESO_CODIGO`) REFERENCES `FACTURAEGRESO` (`CODIGO`),
  CONSTRAINT `FK_FACTURADETALLE_FACTURAINGRESO_CODIGO` FOREIGN KEY (`FACTURAINGRESO_CODIGO`) REFERENCES `FACTURAINGRESO` (`CODIGO`),
  CONSTRAINT `FK_FACTURADETALLE_MEDICAMENTO_CODIGO` FOREIGN KEY (`MEDICAMENTO_CODIGO`) REFERENCES `MEDICAMENTO` (`CODIGO`)
) ENGINE=InnoDB AUTO_INCREMENT=7 DEFAULT CHARSET=latin1;
/*!40101 SET character_set_client = @saved_cs_client */;

--
-- Dumping data for table `FACTURADETALLE`
--

LOCK TABLES `FACTURADETALLE` WRITE;
/*!40000 ALTER TABLE `FACTURADETALLE` DISABLE KEYS */;
INSERT INTO `FACTURADETALLE` (`CODIGO`, `CANTIDAD`, `TOTAL`, `FACTURAEGRESO_CODIGO`, `FACTURAINGRESO_CODIGO`, `MEDICAMENTO_CODIGO`) VALUES (4,2,5.6,NULL,1901,1),(5,2,1,NULL,1901,2),(6,1,50,NULL,1901,4);
/*!40000 ALTER TABLE `FACTURADETALLE` ENABLE KEYS */;
UNLOCK TABLES;

--
-- Table structure for table `FACTURAEGRESO`
--

DROP TABLE IF EXISTS `FACTURAEGRESO`;
/*!40101 SET @saved_cs_client     = @@character_set_client */;
/*!40101 SET character_set_client = utf8 */;
CREATE TABLE `FACTURAEGRESO` (
  `CODIGO` int(11) NOT NULL,
  `FECHA` date DEFAULT NULL,
  `SUBTOTAL` double DEFAULT NULL,
  `TOTAL` double DEFAULT NULL,
  `TOTAL_IVA` double DEFAULT NULL,
  `CAJA_CODIGO` int(11) DEFAULT NULL,
  PRIMARY KEY (`CODIGO`),
  KEY `FK_FACTURAEGRESO_CAJA_CODIGO` (`CAJA_CODIGO`),
  CONSTRAINT `FK_FACTURAEGRESO_CAJA_CODIGO` FOREIGN KEY (`CAJA_CODIGO`) REFERENCES `CAJA` (`CODIGO`)
) ENGINE=InnoDB DEFAULT CHARSET=latin1;
/*!40101 SET character_set_client = @saved_cs_client */;

--
-- Dumping data for table `FACTURAEGRESO`
--

LOCK TABLES `FACTURAEGRESO` WRITE;
/*!40000 ALTER TABLE `FACTURAEGRESO` DISABLE KEYS */;
/*!40000 ALTER TABLE `FACTURAEGRESO` ENABLE KEYS */;
UNLOCK TABLES;

--
-- Table structure for table `FACTURAINGRESO`
--

DROP TABLE IF EXISTS `FACTURAINGRESO`;
/*!40101 SET @saved_cs_client     = @@character_set_client */;
/*!40101 SET character_set_client = utf8 */;
CREATE TABLE `FACTURAINGRESO` (
  `CODIGO` int(11) NOT NULL,
  `FECHA` date DEFAULT NULL,
  `SUBTOTAL` double DEFAULT NULL,
  `TOTAL` double DEFAULT NULL,
  `TOTAL_IVA` double DEFAULT NULL,
  `CAJA_CODIGO` int(11) DEFAULT NULL,
  `PACIENTE_CODIGO` int(11) DEFAULT NULL,
  `CITA_CODIGO` int(11) DEFAULT NULL,
  PRIMARY KEY (`CODIGO`),
  KEY `FK_FACTURAINGRESO_PACIENTE_CODIGO` (`PACIENTE_CODIGO`),
  KEY `FK_FACTURAINGRESO_CAJA_CODIGO` (`CAJA_CODIGO`),
  KEY `FK_FACTURAINGRESO_CITA_CODIGO` (`CITA_CODIGO`),
  CONSTRAINT `FK_FACTURAINGRESO_CAJA_CODIGO` FOREIGN KEY (`CAJA_CODIGO`) REFERENCES `CAJA` (`CODIGO`),
  CONSTRAINT `FK_FACTURAINGRESO_CITA_CODIGO` FOREIGN KEY (`CITA_CODIGO`) REFERENCES `CITA` (`CODIGO`),
  CONSTRAINT `FK_FACTURAINGRESO_PACIENTE_CODIGO` FOREIGN KEY (`PACIENTE_CODIGO`) REFERENCES `PACIENTE` (`CODIGO`)
) ENGINE=InnoDB DEFAULT CHARSET=latin1;
/*!40101 SET character_set_client = @saved_cs_client */;

--
-- Dumping data for table `FACTURAINGRESO`
--

LOCK TABLES `FACTURAINGRESO` WRITE;
/*!40000 ALTER TABLE `FACTURAINGRESO` DISABLE KEYS */;
INSERT INTO `FACTURAINGRESO` (`CODIGO`, `FECHA`, `SUBTOTAL`, `TOTAL`, `TOTAL_IVA`, `CAJA_CODIGO`, `PACIENTE_CODIGO`, `CITA_CODIGO`) VALUES (1901,'2020-07-17',62.2,85.168,3.48,3,1,1);
/*!40000 ALTER TABLE `FACTURAINGRESO` ENABLE KEYS */;
UNLOCK TABLES;

--
-- Table structure for table `HISTORIACLINICA`
--

DROP TABLE IF EXISTS `HISTORIACLINICA`;
/*!40101 SET @saved_cs_client     = @@character_set_client */;
/*!40101 SET character_set_client = utf8 */;
CREATE TABLE `HISTORIACLINICA` (
  `CODIGO` int(11) NOT NULL AUTO_INCREMENT,
  `FECHA` datetime DEFAULT NULL,
  `OBSERVACION` varchar(255) DEFAULT NULL,
  `HISTORIALCLINICO_CODIGO` int(11) DEFAULT NULL,
  PRIMARY KEY (`CODIGO`),
  KEY `FK_HISTORIACLINICA_HISTORIALCLINICO_CODIGO` (`HISTORIALCLINICO_CODIGO`),
  CONSTRAINT `FK_HISTORIACLINICA_HISTORIALCLINICO_CODIGO` FOREIGN KEY (`HISTORIALCLINICO_CODIGO`) REFERENCES `HISTORIALCLINICO` (`CODIGO`)
) ENGINE=InnoDB DEFAULT CHARSET=latin1;
/*!40101 SET character_set_client = @saved_cs_client */;

--
-- Dumping data for table `HISTORIACLINICA`
--

LOCK TABLES `HISTORIACLINICA` WRITE;
/*!40000 ALTER TABLE `HISTORIACLINICA` DISABLE KEYS */;
/*!40000 ALTER TABLE `HISTORIACLINICA` ENABLE KEYS */;
UNLOCK TABLES;

--
-- Table structure for table `HISTORIALCLINICO`
--

DROP TABLE IF EXISTS `HISTORIALCLINICO`;
/*!40101 SET @saved_cs_client     = @@character_set_client */;
/*!40101 SET character_set_client = utf8 */;
CREATE TABLE `HISTORIALCLINICO` (
  `CODIGO` int(11) NOT NULL AUTO_INCREMENT,
  `DESCRIPCION` varchar(255) DEFAULT NULL,
  `PACIENTE_CODIGO` int(11) DEFAULT NULL,
  PRIMARY KEY (`CODIGO`),
  KEY `FK_HISTORIALCLINICO_PACIENTE_CODIGO` (`PACIENTE_CODIGO`),
  CONSTRAINT `FK_HISTORIALCLINICO_PACIENTE_CODIGO` FOREIGN KEY (`PACIENTE_CODIGO`) REFERENCES `PACIENTE` (`CODIGO`)
) ENGINE=InnoDB DEFAULT CHARSET=latin1;
/*!40101 SET character_set_client = @saved_cs_client */;

--
-- Dumping data for table `HISTORIALCLINICO`
--

LOCK TABLES `HISTORIALCLINICO` WRITE;
/*!40000 ALTER TABLE `HISTORIALCLINICO` DISABLE KEYS */;
/*!40000 ALTER TABLE `HISTORIALCLINICO` ENABLE KEYS */;
UNLOCK TABLES;

--
-- Table structure for table `LIBRODIARIO`
--

DROP TABLE IF EXISTS `LIBRODIARIO`;
/*!40101 SET @saved_cs_client     = @@character_set_client */;
/*!40101 SET character_set_client = utf8 */;
CREATE TABLE `LIBRODIARIO` (
  `CODIGO` int(11) NOT NULL AUTO_INCREMENT,
  `FECHA` date DEFAULT NULL,
  PRIMARY KEY (`CODIGO`)
) ENGINE=InnoDB DEFAULT CHARSET=latin1;
/*!40101 SET character_set_client = @saved_cs_client */;

--
-- Dumping data for table `LIBRODIARIO`
--

LOCK TABLES `LIBRODIARIO` WRITE;
/*!40000 ALTER TABLE `LIBRODIARIO` DISABLE KEYS */;
/*!40000 ALTER TABLE `LIBRODIARIO` ENABLE KEYS */;
UNLOCK TABLES;

--
-- Table structure for table `MEDICAMENTO`
--

DROP TABLE IF EXISTS `MEDICAMENTO`;
/*!40101 SET @saved_cs_client     = @@character_set_client */;
/*!40101 SET character_set_client = utf8 */;
CREATE TABLE `MEDICAMENTO` (
  `CODIGO` int(11) NOT NULL AUTO_INCREMENT,
  `FECHA_CADUCIDAD` date DEFAULT NULL,
  `NOMBRE` varchar(255) DEFAULT NULL,
  `PRECIO` double DEFAULT NULL,
  `REGISTRO_SANITARIO` int(11) DEFAULT NULL,
  PRIMARY KEY (`CODIGO`)
) ENGINE=InnoDB AUTO_INCREMENT=6 DEFAULT CHARSET=latin1;
/*!40101 SET character_set_client = @saved_cs_client */;

--
-- Dumping data for table `MEDICAMENTO`
--

LOCK TABLES `MEDICAMENTO` WRITE;
/*!40000 ALTER TABLE `MEDICAMENTO` DISABLE KEYS */;
INSERT INTO `MEDICAMENTO` (`CODIGO`, `FECHA_CADUCIDAD`, `NOMBRE`, `PRECIO`, `REGISTRO_SANITARIO`) VALUES (1,'2021-07-31','Paracetamol',2.8,98765678),(2,'2021-07-24','Aspirina',0.5,98765628),(3,'2021-07-17','Dexamestason',200,98765679),(4,'2020-07-24','Cita',50,9843222),(5,'2020-07-14','Atromicina',40,12);
/*!40000 ALTER TABLE `MEDICAMENTO` ENABLE KEYS */;
UNLOCK TABLES;

--
-- Table structure for table `MEDICO`
--

DROP TABLE IF EXISTS `MEDICO`;
/*!40101 SET @saved_cs_client     = @@character_set_client */;
/*!40101 SET character_set_client = utf8 */;
CREATE TABLE `MEDICO` (
  `CODIGO` int(11) NOT NULL AUTO_INCREMENT,
  `APELLIDO` varchar(255) DEFAULT NULL,
  `CEDULA` varchar(255) DEFAULT NULL,
  `CORREO` varchar(255) DEFAULT NULL,
  `ESPECIALIDAD` varchar(255) DEFAULT NULL,
  `NOMBRE` varchar(255) DEFAULT NULL,
  `PASSWORD` varchar(255) DEFAULT NULL,
  `ROL_CODIGO` int(11) DEFAULT NULL,
  PRIMARY KEY (`CODIGO`),
  KEY `FK_MEDICO_ROL_CODIGO` (`ROL_CODIGO`),
  CONSTRAINT `FK_MEDICO_ROL_CODIGO` FOREIGN KEY (`ROL_CODIGO`) REFERENCES `ROL` (`CODIGO`)
) ENGINE=InnoDB AUTO_INCREMENT=4 DEFAULT CHARSET=latin1;
/*!40101 SET character_set_client = @saved_cs_client */;

--
-- Dumping data for table `MEDICO`
--

LOCK TABLES `MEDICO` WRITE;
/*!40000 ALTER TABLE `MEDICO` DISABLE KEYS */;
INSERT INTO `MEDICO` (`CODIGO`, `APELLIDO`, `CEDULA`, `CORREO`, `ESPECIALIDAD`, `NOMBRE`, `PASSWORD`, `ROL_CODIGO`) VALUES (1,'Alvarracin','0102030405','jgullan@gmail.com','Medico','Julian','j12345678',5),(2,'CALLE','2348593479','juan@calle','CIRUJANO','JUAN','juan',5),(3,'NIEVES','2345834','diego@nieves','MEDICO GENERAL','DIEGO','diego',5);
/*!40000 ALTER TABLE `MEDICO` ENABLE KEYS */;
UNLOCK TABLES;

--
-- Table structure for table `ORDENMEDICA`
--

DROP TABLE IF EXISTS `ORDENMEDICA`;
/*!40101 SET @saved_cs_client     = @@character_set_client */;
/*!40101 SET character_set_client = utf8 */;
CREATE TABLE `ORDENMEDICA` (
  `CODIGO` int(11) NOT NULL AUTO_INCREMENT,
  `DESCRIPCION` varchar(255) DEFAULT NULL,
  `SERVICIO` varchar(255) DEFAULT NULL,
  `HISTORIACLINICA_CODIGO` int(11) DEFAULT NULL,
  PRIMARY KEY (`CODIGO`),
  KEY `FK_ORDENMEDICA_HISTORIACLINICA_CODIGO` (`HISTORIACLINICA_CODIGO`),
  CONSTRAINT `FK_ORDENMEDICA_HISTORIACLINICA_CODIGO` FOREIGN KEY (`HISTORIACLINICA_CODIGO`) REFERENCES `HISTORIACLINICA` (`CODIGO`)
) ENGINE=InnoDB DEFAULT CHARSET=latin1;
/*!40101 SET character_set_client = @saved_cs_client */;

--
-- Dumping data for table `ORDENMEDICA`
--

LOCK TABLES `ORDENMEDICA` WRITE;
/*!40000 ALTER TABLE `ORDENMEDICA` DISABLE KEYS */;
/*!40000 ALTER TABLE `ORDENMEDICA` ENABLE KEYS */;
UNLOCK TABLES;

--
-- Table structure for table `PACIENTE`
--

DROP TABLE IF EXISTS `PACIENTE`;
/*!40101 SET @saved_cs_client     = @@character_set_client */;
/*!40101 SET character_set_client = utf8 */;
CREATE TABLE `PACIENTE` (
  `CODIGO` int(11) NOT NULL AUTO_INCREMENT,
  `APELLIDO` varchar(255) DEFAULT NULL,
  `CEDULA` varchar(255) DEFAULT NULL,
  `CORREO` varchar(255) DEFAULT NULL,
  `NOMBRE` varchar(255) DEFAULT NULL,
  `PASSWORD` varchar(255) DEFAULT NULL,
  `ROL_CODIGO` int(11) DEFAULT NULL,
  PRIMARY KEY (`CODIGO`),
  KEY `FK_PACIENTE_ROL_CODIGO` (`ROL_CODIGO`),
  CONSTRAINT `FK_PACIENTE_ROL_CODIGO` FOREIGN KEY (`ROL_CODIGO`) REFERENCES `ROL` (`CODIGO`)
) ENGINE=InnoDB AUTO_INCREMENT=4 DEFAULT CHARSET=latin1;
/*!40101 SET character_set_client = @saved_cs_client */;

--
-- Dumping data for table `PACIENTE`
--

LOCK TABLES `PACIENTE` WRITE;
/*!40000 ALTER TABLE `PACIENTE` DISABLE KEYS */;
INSERT INTO `PACIENTE` (`CODIGO`, `APELLIDO`, `CEDULA`, `CORREO`, `NOMBRE`, `PASSWORD`, `ROL_CODIGO`) VALUES (1,'chuchuca','0106330145','bchuchucaa@gmail.com','Isra','12345678',5),(2,'RUIZ','2394857349','pepe@ruiz','PEPE','pepe',5),(3,'FERNANDEZ','192853712','jose@fer','JOSE','jose',5);
/*!40000 ALTER TABLE `PACIENTE` ENABLE KEYS */;
UNLOCK TABLES;

--
-- Table structure for table `PERSONA`
--

DROP TABLE IF EXISTS `PERSONA`;
/*!40101 SET @saved_cs_client     = @@character_set_client */;
/*!40101 SET character_set_client = utf8 */;
CREATE TABLE `PERSONA` (
  `CODIGO` int(11) NOT NULL AUTO_INCREMENT,
  `DTYPE` varchar(31) DEFAULT NULL,
  `APELLIDO` varchar(255) DEFAULT NULL,
  `CEDULA` varchar(255) DEFAULT NULL,
  `CORREO` varchar(255) DEFAULT NULL,
  `NOMBRE` varchar(255) DEFAULT NULL,
  `PASSWORD` varchar(255) DEFAULT NULL,
  `ROL_CODIGO` int(11) DEFAULT NULL,
  PRIMARY KEY (`CODIGO`),
  KEY `FK_PERSONA_ROL_CODIGO` (`ROL_CODIGO`),
  CONSTRAINT `FK_PERSONA_ROL_CODIGO` FOREIGN KEY (`ROL_CODIGO`) REFERENCES `ROL` (`CODIGO`)
) ENGINE=InnoDB DEFAULT CHARSET=latin1;
/*!40101 SET character_set_client = @saved_cs_client */;

--
-- Dumping data for table `PERSONA`
--

LOCK TABLES `PERSONA` WRITE;
/*!40000 ALTER TABLE `PERSONA` DISABLE KEYS */;
/*!40000 ALTER TABLE `PERSONA` ENABLE KEYS */;
UNLOCK TABLES;

--
-- Table structure for table `PRESCRIPCION`
--

DROP TABLE IF EXISTS `PRESCRIPCION`;
/*!40101 SET @saved_cs_client     = @@character_set_client */;
/*!40101 SET character_set_client = utf8 */;
CREATE TABLE `PRESCRIPCION` (
  `CODIGO` int(11) NOT NULL AUTO_INCREMENT,
  `OBSERVACION` varchar(255) DEFAULT NULL,
  `HISTORIACLINICA_CODIGO` int(11) DEFAULT NULL,
  PRIMARY KEY (`CODIGO`),
  KEY `FK_PRESCRIPCION_HISTORIACLINICA_CODIGO` (`HISTORIACLINICA_CODIGO`),
  CONSTRAINT `FK_PRESCRIPCION_HISTORIACLINICA_CODIGO` FOREIGN KEY (`HISTORIACLINICA_CODIGO`) REFERENCES `HISTORIACLINICA` (`CODIGO`)
) ENGINE=InnoDB DEFAULT CHARSET=latin1;
/*!40101 SET character_set_client = @saved_cs_client */;

--
-- Dumping data for table `PRESCRIPCION`
--

LOCK TABLES `PRESCRIPCION` WRITE;
/*!40000 ALTER TABLE `PRESCRIPCION` DISABLE KEYS */;
/*!40000 ALTER TABLE `PRESCRIPCION` ENABLE KEYS */;
UNLOCK TABLES;

--
-- Table structure for table `ROL`
--

DROP TABLE IF EXISTS `ROL`;
/*!40101 SET @saved_cs_client     = @@character_set_client */;
/*!40101 SET character_set_client = utf8 */;
CREATE TABLE `ROL` (
  `CODIGO` int(11) NOT NULL AUTO_INCREMENT,
  `DESCRIPCION` varchar(255) DEFAULT NULL,
  `NOMBRE` varchar(255) DEFAULT NULL,
  PRIMARY KEY (`CODIGO`)
) ENGINE=InnoDB AUTO_INCREMENT=7 DEFAULT CHARSET=latin1;
/*!40101 SET character_set_client = @saved_cs_client */;

--
-- Dumping data for table `ROL`
--

LOCK TABLES `ROL` WRITE;
/*!40000 ALTER TABLE `ROL` DISABLE KEYS */;
INSERT INTO `ROL` (`CODIGO`, `DESCRIPCION`, `NOMBRE`) VALUES (1,'ROL DE CONTADOR','CONTADOR'),(2,'ROL DE SECRETARIA','SECRETARIA'),(3,'ROL DE ASISTENTE','ASISTENTE'),(4,'ROL DE PACIENTE','PACIENTE'),(5,'ROL DE MEDICO','MEDICO'),(6,'ADMINISTRA EL SISTEMA','ADMINISTRADOR');
/*!40000 ALTER TABLE `ROL` ENABLE KEYS */;
UNLOCK TABLES;

--
-- Table structure for table `SEQUENCE`
--

DROP TABLE IF EXISTS `SEQUENCE`;
/*!40101 SET @saved_cs_client     = @@character_set_client */;
/*!40101 SET character_set_client = utf8 */;
CREATE TABLE `SEQUENCE` (
  `SEQ_NAME` varchar(50) NOT NULL,
  `SEQ_COUNT` decimal(38,0) DEFAULT NULL,
  PRIMARY KEY (`SEQ_NAME`)
) ENGINE=InnoDB DEFAULT CHARSET=latin1;
/*!40101 SET character_set_client = @saved_cs_client */;

--
-- Dumping data for table `SEQUENCE`
--

LOCK TABLES `SEQUENCE` WRITE;
/*!40000 ALTER TABLE `SEQUENCE` DISABLE KEYS */;
INSERT INTO `SEQUENCE` (`SEQ_NAME`, `SEQ_COUNT`) VALUES ('SEQ_GEN',1950);
/*!40000 ALTER TABLE `SEQUENCE` ENABLE KEYS */;
UNLOCK TABLES;

--
-- Current Database: `practica`
--

CREATE DATABASE /*!32312 IF NOT EXISTS*/ `practica` /*!40100 DEFAULT CHARACTER SET latin1 */;

USE `practica`;

--
-- Table structure for table `BODEGA`
--

DROP TABLE IF EXISTS `BODEGA`;
/*!40101 SET @saved_cs_client     = @@character_set_client */;
/*!40101 SET character_set_client = utf8 */;
CREATE TABLE `BODEGA` (
  `CODIGO` int(11) NOT NULL,
  `NOMBRE` varchar(255) DEFAULT NULL,
  `CIUDAD_CODIGO` varchar(255) DEFAULT NULL,
  PRIMARY KEY (`CODIGO`),
  KEY `FK_BODEGA_CIUDAD_CODIGO` (`CIUDAD_CODIGO`),
  CONSTRAINT `FK_BODEGA_CIUDAD_CODIGO` FOREIGN KEY (`CIUDAD_CODIGO`) REFERENCES `CIUDAD` (`CODIGO`)
) ENGINE=InnoDB DEFAULT CHARSET=latin1;
/*!40101 SET character_set_client = @saved_cs_client */;

--
-- Dumping data for table `BODEGA`
--

LOCK TABLES `BODEGA` WRITE;
/*!40000 ALTER TABLE `BODEGA` DISABLE KEYS */;
/*!40000 ALTER TABLE `BODEGA` ENABLE KEYS */;
UNLOCK TABLES;

--
-- Table structure for table `CATEGORIA`
--

DROP TABLE IF EXISTS `CATEGORIA`;
/*!40101 SET @saved_cs_client     = @@character_set_client */;
/*!40101 SET character_set_client = utf8 */;
CREATE TABLE `CATEGORIA` (
  `CODIGO` int(11) NOT NULL,
  `IMAGEN` varchar(255) DEFAULT NULL,
  `NOMBRE` varchar(255) DEFAULT NULL,
  PRIMARY KEY (`CODIGO`)
) ENGINE=InnoDB DEFAULT CHARSET=latin1;
/*!40101 SET character_set_client = @saved_cs_client */;

--
-- Dumping data for table `CATEGORIA`
--

LOCK TABLES `CATEGORIA` WRITE;
/*!40000 ALTER TABLE `CATEGORIA` DISABLE KEYS */;
/*!40000 ALTER TABLE `CATEGORIA` ENABLE KEYS */;
UNLOCK TABLES;

--
-- Table structure for table `CIUDAD`
--

DROP TABLE IF EXISTS `CIUDAD`;
/*!40101 SET @saved_cs_client     = @@character_set_client */;
/*!40101 SET character_set_client = utf8 */;
CREATE TABLE `CIUDAD` (
  `CODIGO` varchar(255) NOT NULL,
  `NOMBRE` varchar(255) DEFAULT NULL,
  `PROVINCIA_CODIGO` varchar(255) DEFAULT NULL,
  PRIMARY KEY (`CODIGO`),
  KEY `FK_CIUDAD_PROVINCIA_CODIGO` (`PROVINCIA_CODIGO`),
  CONSTRAINT `FK_CIUDAD_PROVINCIA_CODIGO` FOREIGN KEY (`PROVINCIA_CODIGO`) REFERENCES `PROVINCIA` (`CODIGO`)
) ENGINE=InnoDB DEFAULT CHARSET=latin1;
/*!40101 SET character_set_client = @saved_cs_client */;

--
-- Dumping data for table `CIUDAD`
--

LOCK TABLES `CIUDAD` WRITE;
/*!40000 ALTER TABLE `CIUDAD` DISABLE KEYS */;
/*!40000 ALTER TABLE `CIUDAD` ENABLE KEYS */;
UNLOCK TABLES;

--
-- Table structure for table `FACTURACABECERA`
--

DROP TABLE IF EXISTS `FACTURACABECERA`;
/*!40101 SET @saved_cs_client     = @@character_set_client */;
/*!40101 SET character_set_client = utf8 */;
CREATE TABLE `FACTURACABECERA` (
  `CODIGO` int(11) NOT NULL,
  `ANULADO` char(1) DEFAULT NULL,
  `DESCUENTO` double DEFAULT NULL,
  `FECHA` date DEFAULT NULL,
  `IVA_TOTAL` double DEFAULT NULL,
  `SUBTOTAL` double DEFAULT NULL,
  `TOTAL` double DEFAULT NULL,
  `PERSONA_CEDULA` varchar(255) DEFAULT NULL,
  `PEDIDO_CODIGO` int(11) DEFAULT NULL,
  PRIMARY KEY (`CODIGO`),
  KEY `FK_FACTURACABECERA_PERSONA_CEDULA` (`PERSONA_CEDULA`),
  KEY `FK_FACTURACABECERA_PEDIDO_CODIGO` (`PEDIDO_CODIGO`),
  CONSTRAINT `FK_FACTURACABECERA_PEDIDO_CODIGO` FOREIGN KEY (`PEDIDO_CODIGO`) REFERENCES `PEDIDO` (`CODIGO`),
  CONSTRAINT `FK_FACTURACABECERA_PERSONA_CEDULA` FOREIGN KEY (`PERSONA_CEDULA`) REFERENCES `PERSONA` (`CEDULA`)
) ENGINE=InnoDB DEFAULT CHARSET=latin1;
/*!40101 SET character_set_client = @saved_cs_client */;

--
-- Dumping data for table `FACTURACABECERA`
--

LOCK TABLES `FACTURACABECERA` WRITE;
/*!40000 ALTER TABLE `FACTURACABECERA` DISABLE KEYS */;
/*!40000 ALTER TABLE `FACTURACABECERA` ENABLE KEYS */;
UNLOCK TABLES;

--
-- Table structure for table `FACTURADETALLE`
--

DROP TABLE IF EXISTS `FACTURADETALLE`;
/*!40101 SET @saved_cs_client     = @@character_set_client */;
/*!40101 SET character_set_client = utf8 */;
CREATE TABLE `FACTURADETALLE` (
  `CODIGO` int(11) NOT NULL,
  `CANTIDAD` int(11) DEFAULT NULL,
  `TOTAL` double DEFAULT NULL,
  `FACTURACABECERA_CODIGO` int(11) DEFAULT NULL,
  `PRODUCTO_CODIGO` int(11) DEFAULT NULL,
  PRIMARY KEY (`CODIGO`),
  KEY `FK_FACTURADETALLE_PRODUCTO_CODIGO` (`PRODUCTO_CODIGO`),
  KEY `FK_FACTURADETALLE_FACTURACABECERA_CODIGO` (`FACTURACABECERA_CODIGO`),
  CONSTRAINT `FK_FACTURADETALLE_FACTURACABECERA_CODIGO` FOREIGN KEY (`FACTURACABECERA_CODIGO`) REFERENCES `FACTURACABECERA` (`CODIGO`),
  CONSTRAINT `FK_FACTURADETALLE_PRODUCTO_CODIGO` FOREIGN KEY (`PRODUCTO_CODIGO`) REFERENCES `PRODUCTO` (`CODIGO`)
) ENGINE=InnoDB DEFAULT CHARSET=latin1;
/*!40101 SET character_set_client = @saved_cs_client */;

--
-- Dumping data for table `FACTURADETALLE`
--

LOCK TABLES `FACTURADETALLE` WRITE;
/*!40000 ALTER TABLE `FACTURADETALLE` DISABLE KEYS */;
/*!40000 ALTER TABLE `FACTURADETALLE` ENABLE KEYS */;
UNLOCK TABLES;

--
-- Table structure for table `PAIS`
--

DROP TABLE IF EXISTS `PAIS`;
/*!40101 SET @saved_cs_client     = @@character_set_client */;
/*!40101 SET character_set_client = utf8 */;
CREATE TABLE `PAIS` (
  `CODIGO` varchar(255) NOT NULL,
  `NOMBRE` varchar(255) DEFAULT NULL,
  PRIMARY KEY (`CODIGO`)
) ENGINE=InnoDB DEFAULT CHARSET=latin1;
/*!40101 SET character_set_client = @saved_cs_client */;

--
-- Dumping data for table `PAIS`
--

LOCK TABLES `PAIS` WRITE;
/*!40000 ALTER TABLE `PAIS` DISABLE KEYS */;
/*!40000 ALTER TABLE `PAIS` ENABLE KEYS */;
UNLOCK TABLES;

--
-- Table structure for table `PEDIDO`
--

DROP TABLE IF EXISTS `PEDIDO`;
/*!40101 SET @saved_cs_client     = @@character_set_client */;
/*!40101 SET character_set_client = utf8 */;
CREATE TABLE `PEDIDO` (
  `CODIGO` int(11) NOT NULL AUTO_INCREMENT,
  `ESTADO` varchar(255) DEFAULT NULL,
  `FECHA_EMISION` datetime DEFAULT NULL,
  `PERSONA_CEDULA` varchar(255) DEFAULT NULL,
  PRIMARY KEY (`CODIGO`),
  KEY `FK_PEDIDO_PERSONA_CEDULA` (`PERSONA_CEDULA`),
  CONSTRAINT `FK_PEDIDO_PERSONA_CEDULA` FOREIGN KEY (`PERSONA_CEDULA`) REFERENCES `PERSONA` (`CEDULA`)
) ENGINE=InnoDB DEFAULT CHARSET=latin1;
/*!40101 SET character_set_client = @saved_cs_client */;

--
-- Dumping data for table `PEDIDO`
--

LOCK TABLES `PEDIDO` WRITE;
/*!40000 ALTER TABLE `PEDIDO` DISABLE KEYS */;
/*!40000 ALTER TABLE `PEDIDO` ENABLE KEYS */;
UNLOCK TABLES;

--
-- Table structure for table `PERSONA`
--

DROP TABLE IF EXISTS `PERSONA`;
/*!40101 SET @saved_cs_client     = @@character_set_client */;
/*!40101 SET character_set_client = utf8 */;
CREATE TABLE `PERSONA` (
  `CEDULA` varchar(255) NOT NULL,
  `ANULADO` char(1) DEFAULT NULL,
  `APELLIDO` varchar(255) DEFAULT NULL,
  `CORREO` varchar(255) DEFAULT NULL,
  `DIRECCION` varchar(255) DEFAULT NULL,
  `NOMBRE` varchar(255) DEFAULT NULL,
  `PASSWORD` varchar(255) DEFAULT NULL,
  `TELEFONO` varchar(255) DEFAULT NULL,
  PRIMARY KEY (`CEDULA`)
) ENGINE=InnoDB DEFAULT CHARSET=latin1;
/*!40101 SET character_set_client = @saved_cs_client */;

--
-- Dumping data for table `PERSONA`
--

LOCK TABLES `PERSONA` WRITE;
/*!40000 ALTER TABLE `PERSONA` DISABLE KEYS */;
/*!40000 ALTER TABLE `PERSONA` ENABLE KEYS */;
UNLOCK TABLES;

--
-- Table structure for table `PRODUCTO`
--

DROP TABLE IF EXISTS `PRODUCTO`;
/*!40101 SET @saved_cs_client     = @@character_set_client */;
/*!40101 SET character_set_client = utf8 */;
CREATE TABLE `PRODUCTO` (
  `CODIGO` int(11) NOT NULL,
  `IMAGEN` varchar(255) DEFAULT NULL,
  `IVA` char(1) DEFAULT NULL,
  `NOMBRE` varchar(255) DEFAULT NULL,
  `PRECIOCOMPRA` double DEFAULT NULL,
  `PRECIOVENTA` double DEFAULT NULL,
  `STOCK` int(11) DEFAULT NULL,
  `CATEGORIA_CODIGO` int(11) DEFAULT NULL,
  PRIMARY KEY (`CODIGO`),
  KEY `FK_PRODUCTO_CATEGORIA_CODIGO` (`CATEGORIA_CODIGO`),
  CONSTRAINT `FK_PRODUCTO_CATEGORIA_CODIGO` FOREIGN KEY (`CATEGORIA_CODIGO`) REFERENCES `CATEGORIA` (`CODIGO`)
) ENGINE=InnoDB DEFAULT CHARSET=latin1;
/*!40101 SET character_set_client = @saved_cs_client */;

--
-- Dumping data for table `PRODUCTO`
--

LOCK TABLES `PRODUCTO` WRITE;
/*!40000 ALTER TABLE `PRODUCTO` DISABLE KEYS */;
/*!40000 ALTER TABLE `PRODUCTO` ENABLE KEYS */;
UNLOCK TABLES;

--
-- Table structure for table `PRODUCTO_BODEGA`
--

DROP TABLE IF EXISTS `PRODUCTO_BODEGA`;
/*!40101 SET @saved_cs_client     = @@character_set_client */;
/*!40101 SET character_set_client = utf8 */;
CREATE TABLE `PRODUCTO_BODEGA` (
  `productosList_CODIGO` int(11) NOT NULL,
  `bodegasList_CODIGO` int(11) NOT NULL,
  PRIMARY KEY (`productosList_CODIGO`,`bodegasList_CODIGO`),
  KEY `FK_PRODUCTO_BODEGA_bodegasList_CODIGO` (`bodegasList_CODIGO`),
  CONSTRAINT `FK_PRODUCTO_BODEGA_bodegasList_CODIGO` FOREIGN KEY (`bodegasList_CODIGO`) REFERENCES `BODEGA` (`CODIGO`),
  CONSTRAINT `FK_PRODUCTO_BODEGA_productosList_CODIGO` FOREIGN KEY (`productosList_CODIGO`) REFERENCES `PRODUCTO` (`CODIGO`)
) ENGINE=InnoDB DEFAULT CHARSET=latin1;
/*!40101 SET character_set_client = @saved_cs_client */;

--
-- Dumping data for table `PRODUCTO_BODEGA`
--

LOCK TABLES `PRODUCTO_BODEGA` WRITE;
/*!40000 ALTER TABLE `PRODUCTO_BODEGA` DISABLE KEYS */;
/*!40000 ALTER TABLE `PRODUCTO_BODEGA` ENABLE KEYS */;
UNLOCK TABLES;

--
-- Table structure for table `PROVINCIA`
--

DROP TABLE IF EXISTS `PROVINCIA`;
/*!40101 SET @saved_cs_client     = @@character_set_client */;
/*!40101 SET character_set_client = utf8 */;
CREATE TABLE `PROVINCIA` (
  `CODIGO` varchar(255) NOT NULL,
  `NOMBRE` varchar(255) DEFAULT NULL,
  `PAIS_CODIGO` varchar(255) DEFAULT NULL,
  PRIMARY KEY (`CODIGO`),
  KEY `FK_PROVINCIA_PAIS_CODIGO` (`PAIS_CODIGO`),
  CONSTRAINT `FK_PROVINCIA_PAIS_CODIGO` FOREIGN KEY (`PAIS_CODIGO`) REFERENCES `PAIS` (`CODIGO`)
) ENGINE=InnoDB DEFAULT CHARSET=latin1;
/*!40101 SET character_set_client = @saved_cs_client */;

--
-- Dumping data for table `PROVINCIA`
--

LOCK TABLES `PROVINCIA` WRITE;
/*!40000 ALTER TABLE `PROVINCIA` DISABLE KEYS */;
/*!40000 ALTER TABLE `PROVINCIA` ENABLE KEYS */;
UNLOCK TABLES;

--
-- Table structure for table `ROL`
--

DROP TABLE IF EXISTS `ROL`;
/*!40101 SET @saved_cs_client     = @@character_set_client */;
/*!40101 SET character_set_client = utf8 */;
CREATE TABLE `ROL` (
  `NOMBRE` varchar(255) NOT NULL,
  `DESCRIPCION` varchar(255) DEFAULT NULL,
  PRIMARY KEY (`NOMBRE`)
) ENGINE=InnoDB DEFAULT CHARSET=latin1;
/*!40101 SET character_set_client = @saved_cs_client */;

--
-- Dumping data for table `ROL`
--

LOCK TABLES `ROL` WRITE;
/*!40000 ALTER TABLE `ROL` DISABLE KEYS */;
/*!40000 ALTER TABLE `ROL` ENABLE KEYS */;
UNLOCK TABLES;

--
-- Table structure for table `SEQUENCE`
--

DROP TABLE IF EXISTS `SEQUENCE`;
/*!40101 SET @saved_cs_client     = @@character_set_client */;
/*!40101 SET character_set_client = utf8 */;
CREATE TABLE `SEQUENCE` (
  `SEQ_NAME` varchar(50) NOT NULL,
  `SEQ_COUNT` decimal(38,0) DEFAULT NULL,
  PRIMARY KEY (`SEQ_NAME`)
) ENGINE=InnoDB DEFAULT CHARSET=latin1;
/*!40101 SET character_set_client = @saved_cs_client */;

--
-- Dumping data for table `SEQUENCE`
--

LOCK TABLES `SEQUENCE` WRITE;
/*!40000 ALTER TABLE `SEQUENCE` DISABLE KEYS */;
INSERT INTO `SEQUENCE` (`SEQ_NAME`, `SEQ_COUNT`) VALUES ('SEQ_GEN',0);
/*!40000 ALTER TABLE `SEQUENCE` ENABLE KEYS */;
UNLOCK TABLES;

--
-- Table structure for table `STOCK`
--

DROP TABLE IF EXISTS `STOCK`;
/*!40101 SET @saved_cs_client     = @@character_set_client */;
/*!40101 SET character_set_client = utf8 */;
CREATE TABLE `STOCK` (
  `CODIGO` int(11) NOT NULL AUTO_INCREMENT,
  `STOCK` int(11) DEFAULT NULL,
  `BODEGA_CODIGO` int(11) DEFAULT NULL,
  `PRODUCTO_CODIGO` int(11) DEFAULT NULL,
  PRIMARY KEY (`CODIGO`),
  KEY `FK_STOCK_PRODUCTO_CODIGO` (`PRODUCTO_CODIGO`),
  KEY `FK_STOCK_BODEGA_CODIGO` (`BODEGA_CODIGO`),
  CONSTRAINT `FK_STOCK_BODEGA_CODIGO` FOREIGN KEY (`BODEGA_CODIGO`) REFERENCES `BODEGA` (`CODIGO`),
  CONSTRAINT `FK_STOCK_PRODUCTO_CODIGO` FOREIGN KEY (`PRODUCTO_CODIGO`) REFERENCES `PRODUCTO` (`CODIGO`)
) ENGINE=InnoDB DEFAULT CHARSET=latin1;
/*!40101 SET character_set_client = @saved_cs_client */;

--
-- Dumping data for table `STOCK`
--

LOCK TABLES `STOCK` WRITE;
/*!40000 ALTER TABLE `STOCK` DISABLE KEYS */;
/*!40000 ALTER TABLE `STOCK` ENABLE KEYS */;
UNLOCK TABLES;

--
-- Table structure for table `USUARIO`
--

DROP TABLE IF EXISTS `USUARIO`;
/*!40101 SET @saved_cs_client     = @@character_set_client */;
/*!40101 SET character_set_client = utf8 */;
CREATE TABLE `USUARIO` (
  `CODIGO` int(11) NOT NULL,
  `CORREO` varchar(255) DEFAULT NULL,
  `PASSWORD` varchar(255) DEFAULT NULL,
  `ROL_NOMBRE` varchar(255) DEFAULT NULL,
  PRIMARY KEY (`CODIGO`),
  KEY `FK_USUARIO_ROL_NOMBRE` (`ROL_NOMBRE`),
  CONSTRAINT `FK_USUARIO_ROL_NOMBRE` FOREIGN KEY (`ROL_NOMBRE`) REFERENCES `ROL` (`NOMBRE`)
) ENGINE=InnoDB DEFAULT CHARSET=latin1;
/*!40101 SET character_set_client = @saved_cs_client */;

--
-- Dumping data for table `USUARIO`
--

LOCK TABLES `USUARIO` WRITE;
/*!40000 ALTER TABLE `USUARIO` DISABLE KEYS */;
/*!40000 ALTER TABLE `USUARIO` ENABLE KEYS */;
UNLOCK TABLES;

--
-- Current Database: `practica03`
--

CREATE DATABASE /*!32312 IF NOT EXISTS*/ `practica03` /*!40100 DEFAULT CHARACTER SET latin1 */;

USE `practica03`;

--
-- Table structure for table `BODEGA`
--

DROP TABLE IF EXISTS `BODEGA`;
/*!40101 SET @saved_cs_client     = @@character_set_client */;
/*!40101 SET character_set_client = utf8 */;
CREATE TABLE `BODEGA` (
  `CODIGO` int(11) NOT NULL,
  `NOMBRE` varchar(255) DEFAULT NULL,
  `CIUDAD_CODIGO` varchar(255) DEFAULT NULL,
  PRIMARY KEY (`CODIGO`),
  KEY `FK_BODEGA_CIUDAD_CODIGO` (`CIUDAD_CODIGO`),
  CONSTRAINT `FK_BODEGA_CIUDAD_CODIGO` FOREIGN KEY (`CIUDAD_CODIGO`) REFERENCES `CIUDAD` (`CODIGO`)
) ENGINE=InnoDB DEFAULT CHARSET=latin1;
/*!40101 SET character_set_client = @saved_cs_client */;

--
-- Dumping data for table `BODEGA`
--

LOCK TABLES `BODEGA` WRITE;
/*!40000 ALTER TABLE `BODEGA` DISABLE KEYS */;
INSERT INTO `BODEGA` (`CODIGO`, `NOMBRE`, `CIUDAD_CODIGO`) VALUES (1,'BODEGA_EL_ARENAL','CHINCHIPE'),(2,'BODEGA_EL_MILENIO','QUI'),(3,'BODEGA_NORTE','GUQ'),(1502,'BODEDIT','BALSAS'),(1551,'BODEGA-IBA','CANTON JUNIN'),(1701,'BODEGA ESPERANZAG','ATACAMES'),(1751,'NEWBODEGA','CANTON ELOY ALFARO'),(1801,'BODEGAEDIT224','RIO VERDE'),(2601,'20JULIO','CHILLA'),(2651,'BODEGADELSUR','CANTON CUENCA'),(2951,'BODEGA LOS ANDES','CANTON ISABELA');
/*!40000 ALTER TABLE `BODEGA` ENABLE KEYS */;
UNLOCK TABLES;

--
-- Table structure for table `CATEGORIA`
--

DROP TABLE IF EXISTS `CATEGORIA`;
/*!40101 SET @saved_cs_client     = @@character_set_client */;
/*!40101 SET character_set_client = utf8 */;
CREATE TABLE `CATEGORIA` (
  `CODIGO` int(11) NOT NULL,
  `IMAGEN` varchar(255) DEFAULT NULL,
  `NOMBRE` varchar(255) DEFAULT NULL,
  PRIMARY KEY (`CODIGO`)
) ENGINE=InnoDB DEFAULT CHARSET=latin1;
/*!40101 SET character_set_client = @saved_cs_client */;

--
-- Dumping data for table `CATEGORIA`
--

LOCK TABLES `CATEGORIA` WRITE;
/*!40000 ALTER TABLE `CATEGORIA` DISABLE KEYS */;
INSERT INTO `CATEGORIA` (`CODIGO`, `IMAGEN`, `NOMBRE`) VALUES (1,'https://images.ctfassets.net/3s5io6mnxfqz/5GlOYuzg0nApcehTPlbJMy/140abddf0f3f93fa16568f4d035cd5e6/AdobeStock_175165460.jpeg','CARNICOS'),(2,'https://drknews.com/wp-content/uploads/2017/12/vegetables-400.jpg','VERDURAS'),(3,'https://images.fineartamerica.com/images/artworkimages/mediumlarge/2/set-of-different-fruits-on-table-victor-torres.jpg','FRUTAS'),(4,'https://i.pinimg.com/236x/db/82/a6/db82a61244070344460b499d9bcf8351--chocolates.jpg','GOLOSINAS');
/*!40000 ALTER TABLE `CATEGORIA` ENABLE KEYS */;
UNLOCK TABLES;

--
-- Table structure for table `CIUDAD`
--

DROP TABLE IF EXISTS `CIUDAD`;
/*!40101 SET @saved_cs_client     = @@character_set_client */;
/*!40101 SET character_set_client = utf8 */;
CREATE TABLE `CIUDAD` (
  `CODIGO` varchar(255) NOT NULL,
  `NOMBRE` varchar(255) DEFAULT NULL,
  `PROVINCIA_CODIGO` varchar(255) DEFAULT NULL,
  PRIMARY KEY (`CODIGO`),
  KEY `FK_CIUDAD_PROVINCIA_CODIGO` (`PROVINCIA_CODIGO`),
  CONSTRAINT `FK_CIUDAD_PROVINCIA_CODIGO` FOREIGN KEY (`PROVINCIA_CODIGO`) REFERENCES `PROVINCIA` (`CODIGO`)
) ENGINE=InnoDB DEFAULT CHARSET=latin1;
/*!40101 SET character_set_client = @saved_cs_client */;

--
-- Dumping data for table `CIUDAD`
--

LOCK TABLES `CIUDAD` WRITE;
/*!40000 ALTER TABLE `CIUDAD` DISABLE KEYS */;
INSERT INTO `CIUDAD` (`CODIGO`, `NOMBRE`, `PROVINCIA_CODIGO`) VALUES ('','',''),('ATACAMES','ATACAMES','PROVINCIA DE ESMERALDAS'),('BALSAS','BALSAS','PROVINCIA DE EL ORO'),('CANTON CALVAS','CANTON CALVAS','PROVINCIA DE LOJA'),('CANTON CUENCA','CANTON CUENCA','PROVINCIA DEL AZUAY'),('CANTON ELOY ALFARO','CANTON ELOY ALFARO','PROVINCIA DE ESMERALDAS'),('CANTON ESPINDOLA','CANTON ESPINDOLA','PROVINCIA DE LOJA'),('CANTON GUABO','CANTON GUABO','PROVINCIA DE EL ORO'),('CANTON ISABELA','CANTON ISABELA','PROVINCIA DE GALAPAGOS'),('CANTON JUNIN','CANTON JUNIN','PROVINCIA DE MANABI'),('CANTON MONTECRISTI','CANTON MONTECRISTI','PROVINCIA DE MANABI'),('CANTON PUYANGO','CANTON PUYANGO','PROVINCIA DE LOJA'),('CANTON SAN MIGUEL','CANTON SAN MIGUEL','PROVINCIA DE BOLIVAR'),('CANTON SARAGURO','CANTON SARAGURO','PROVINCIA DE LOJA'),('CANTON TENA','CANTON TENA','PROVINCIA DE NAPO'),('CAY','CAYAMBE','UI'),('CHILLA','CHILLA','PROVINCIA DE EL ORO'),('CHINCHIPE','CHINCHIPE','PROVINCIA DE ZAMORA'),('CUE','CUENCA','AZ'),('GIR','GIRON','AZ'),('GUQ','GUAYAQUIL','GY'),('IBARRA','IBARRA','PROVINCIA DE IMBABURA'),('LA MANA','LA MANA','PROVINCIA DE COTOPAXI'),('MOCACHE','MOCACHE','PROVINCIA DE LOS RIOS'),('MONTALVO','MONTALVO','PROVINCIA DE LOS RIOS'),('QUI','QUITO','UI'),('RIO VERDE','RIO VERDE','PROVINCIA DE ESMERALDAS'),('SANTIAGO','SANTIAGO','PROVINCIA DE MORONA'),('SNB','SAN BORONDON','GY');
/*!40000 ALTER TABLE `CIUDAD` ENABLE KEYS */;
UNLOCK TABLES;

--
-- Table structure for table `FACTURACABECERA`
--

DROP TABLE IF EXISTS `FACTURACABECERA`;
/*!40101 SET @saved_cs_client     = @@character_set_client */;
/*!40101 SET character_set_client = utf8 */;
CREATE TABLE `FACTURACABECERA` (
  `CODIGO` int(11) NOT NULL,
  `ANULADO` char(1) DEFAULT NULL,
  `DESCUENTO` double DEFAULT NULL,
  `FECHA` date DEFAULT NULL,
  `IVA_TOTAL` double DEFAULT NULL,
  `SUBTOTAL` double DEFAULT NULL,
  `TOTAL` double DEFAULT NULL,
  `PERSONA_CEDULA` varchar(255) DEFAULT NULL,
  `PEDIDO_CODIGO` int(11) DEFAULT NULL,
  PRIMARY KEY (`CODIGO`),
  KEY `FK_FACTURACABECERA_PERSONA_CEDULA` (`PERSONA_CEDULA`),
  KEY `FK_FACTURACABECERA_PEDIDO_CODIGO` (`PEDIDO_CODIGO`),
  CONSTRAINT `FK_FACTURACABECERA_PEDIDO_CODIGO` FOREIGN KEY (`PEDIDO_CODIGO`) REFERENCES `PEDIDO` (`CODIGO`),
  CONSTRAINT `FK_FACTURACABECERA_PERSONA_CEDULA` FOREIGN KEY (`PERSONA_CEDULA`) REFERENCES `PERSONA` (`CEDULA`)
) ENGINE=InnoDB DEFAULT CHARSET=latin1;
/*!40101 SET character_set_client = @saved_cs_client */;

--
-- Dumping data for table `FACTURACABECERA`
--

LOCK TABLES `FACTURACABECERA` WRITE;
/*!40000 ALTER TABLE `FACTURACABECERA` DISABLE KEYS */;
INSERT INTO `FACTURACABECERA` (`CODIGO`, `ANULADO`, `DESCUENTO`, `FECHA`, `IVA_TOTAL`, `SUBTOTAL`, `TOTAL`, `PERSONA_CEDULA`, `PEDIDO_CODIGO`) VALUES (2051,'N',0,'2020-07-11',3.4,25.1,28.6,'0105652747',8),(2052,'N',0,'2020-07-18',0,0,0,'0106330145',10),(2202,'N',0,'2020-07-18',0,0,0,'0106330145',11),(2301,'N',0,'2020-07-18',0,0,0,'0101130862',12),(2351,'N',0,'2020-07-18',0,0,0,'0106330147',16),(2354,'N',0,'2020-07-18',0,0,0,'0106330147',17),(2501,'N',0,'2020-07-20',3,25,28,'0105652747',NULL),(2701,'N',0,'2020-07-21',0,0,0,'0106330147',18),(2854,'N',0,'2020-07-21',0,0,0,'0106330147',19),(2901,'A',0,'2020-07-22',0.24,2,2.24,NULL,NULL),(3001,'A',0,'2020-07-22',1.032,8.6,9.632,'0105652747',NULL);
/*!40000 ALTER TABLE `FACTURACABECERA` ENABLE KEYS */;
UNLOCK TABLES;

--
-- Table structure for table `FACTURADETALLE`
--

DROP TABLE IF EXISTS `FACTURADETALLE`;
/*!40101 SET @saved_cs_client     = @@character_set_client */;
/*!40101 SET character_set_client = utf8 */;
CREATE TABLE `FACTURADETALLE` (
  `CODIGO` int(11) NOT NULL,
  `CANTIDAD` int(11) DEFAULT NULL,
  `TOTAL` double DEFAULT NULL,
  `FACTURACABECERA_CODIGO` int(11) DEFAULT NULL,
  `PRODUCTO_CODIGO` int(11) DEFAULT NULL,
  PRIMARY KEY (`CODIGO`),
  KEY `FK_FACTURADETALLE_PRODUCTO_CODIGO` (`PRODUCTO_CODIGO`),
  KEY `FK_FACTURADETALLE_FACTURACABECERA_CODIGO` (`FACTURACABECERA_CODIGO`),
  CONSTRAINT `FK_FACTURADETALLE_FACTURACABECERA_CODIGO` FOREIGN KEY (`FACTURACABECERA_CODIGO`) REFERENCES `FACTURACABECERA` (`CODIGO`),
  CONSTRAINT `FK_FACTURADETALLE_PRODUCTO_CODIGO` FOREIGN KEY (`PRODUCTO_CODIGO`) REFERENCES `PRODUCTO` (`CODIGO`)
) ENGINE=InnoDB DEFAULT CHARSET=latin1;
/*!40101 SET character_set_client = @saved_cs_client */;

--
-- Dumping data for table `FACTURADETALLE`
--

LOCK TABLES `FACTURADETALLE` WRITE;
/*!40000 ALTER TABLE `FACTURADETALLE` DISABLE KEYS */;
INSERT INTO `FACTURADETALLE` (`CODIGO`, `CANTIDAD`, `TOTAL`, `FACTURACABECERA_CODIGO`, `PRODUCTO_CODIGO`) VALUES (2052,2,5,2051,551),(2053,4,19.6,2051,651),(2054,8,4,2051,701),(2101,2,0,2052,501),(2151,2,0,2052,801),(2152,2,0,2052,801),(2153,2,0,2052,801),(2201,2,0,2052,1651),(2251,2,0,2051,501),(2302,2,0,2301,801),(2352,2,0,2351,501),(2353,2,0,2351,801),(2355,2,0,2354,501),(2401,2,0,2354,651),(2402,5,0,2354,651),(2451,6,17.94,2354,801),(2452,6,17.94,2354,801),(2502,10,25,2501,551),(2751,7,20.93,2701,801),(2801,3,8.97,2202,801),(2851,3,15,2701,501),(2852,3,15,2701,501),(2853,3,15,2701,501),(2902,1,1.25,2901,1601),(2903,3,0.75,2901,1201),(3002,4,5,3001,1601),(3003,2,1.6,3001,851),(3004,4,1.2,3001,1251),(3005,4,0.8,3001,1001);
/*!40000 ALTER TABLE `FACTURADETALLE` ENABLE KEYS */;
UNLOCK TABLES;

--
-- Table structure for table `PAIS`
--

DROP TABLE IF EXISTS `PAIS`;
/*!40101 SET @saved_cs_client     = @@character_set_client */;
/*!40101 SET character_set_client = utf8 */;
CREATE TABLE `PAIS` (
  `CODIGO` varchar(255) NOT NULL,
  `NOMBRE` varchar(255) DEFAULT NULL,
  PRIMARY KEY (`CODIGO`)
) ENGINE=InnoDB DEFAULT CHARSET=latin1;
/*!40101 SET character_set_client = @saved_cs_client */;

--
-- Dumping data for table `PAIS`
--

LOCK TABLES `PAIS` WRITE;
/*!40000 ALTER TABLE `PAIS` DISABLE KEYS */;
INSERT INTO `PAIS` (`CODIGO`, `NOMBRE`) VALUES ('EC','ECUADOR');
/*!40000 ALTER TABLE `PAIS` ENABLE KEYS */;
UNLOCK TABLES;

--
-- Table structure for table `PEDIDO`
--

DROP TABLE IF EXISTS `PEDIDO`;
/*!40101 SET @saved_cs_client     = @@character_set_client */;
/*!40101 SET character_set_client = utf8 */;
CREATE TABLE `PEDIDO` (
  `CODIGO` int(11) NOT NULL AUTO_INCREMENT,
  `ESTADO` varchar(255) DEFAULT NULL,
  `FECHA_EMISION` datetime DEFAULT NULL,
  `PERSONA_CEDULA` varchar(255) DEFAULT NULL,
  PRIMARY KEY (`CODIGO`),
  KEY `FK_PEDIDO_PERSONA_CEDULA` (`PERSONA_CEDULA`),
  CONSTRAINT `FK_PEDIDO_PERSONA_CEDULA` FOREIGN KEY (`PERSONA_CEDULA`) REFERENCES `PERSONA` (`CEDULA`)
) ENGINE=InnoDB AUTO_INCREMENT=20 DEFAULT CHARSET=latin1;
/*!40101 SET character_set_client = @saved_cs_client */;

--
-- Dumping data for table `PEDIDO`
--

LOCK TABLES `PEDIDO` WRITE;
/*!40000 ALTER TABLE `PEDIDO` DISABLE KEYS */;
INSERT INTO `PEDIDO` (`CODIGO`, `ESTADO`, `FECHA_EMISION`, `PERSONA_CEDULA`) VALUES (8,'FINALIZADO','2020-07-11 05:00:00','0105652747'),(9,'ESPERANDO','2020-07-18 05:00:00','0106330145'),(10,'ESPERANDO','2020-07-18 05:00:00','0106330145'),(11,'EN CAMINO','2020-07-18 05:00:00','0106330145'),(12,'FINALIZADO','2020-07-18 05:00:00','0101130862'),(13,'EN_PROCESO','2020-07-18 05:00:00','0101130862'),(14,'EN_PROCESO','2020-07-18 05:00:00','0102030405'),(15,'EN_PROCESO','2020-07-18 05:00:00','0106330146'),(16,'EN_PROCESO','2020-07-18 05:00:00','0106330147'),(17,'EN PROCESO','2020-07-18 05:00:00','0106330147'),(18,'EN_PROCESO','2020-07-21 05:00:00','0106330147'),(19,'EN_PROCESO','2020-07-21 05:00:00','0106330147');
/*!40000 ALTER TABLE `PEDIDO` ENABLE KEYS */;
UNLOCK TABLES;

--
-- Table structure for table `PERSONA`
--

DROP TABLE IF EXISTS `PERSONA`;
/*!40101 SET @saved_cs_client     = @@character_set_client */;
/*!40101 SET character_set_client = utf8 */;
CREATE TABLE `PERSONA` (
  `CEDULA` varchar(255) NOT NULL,
  `APELLIDO` varchar(255) DEFAULT NULL,
  `DIRECCION` varchar(255) DEFAULT NULL,
  `NOMBRE` varchar(255) DEFAULT NULL,
  `TELEFONO` varchar(255) DEFAULT NULL,
  `ANULADO` char(1) DEFAULT NULL,
  `CORREO` varchar(255) DEFAULT NULL,
  `PASSWORD` varchar(255) DEFAULT NULL,
  PRIMARY KEY (`CEDULA`)
) ENGINE=InnoDB DEFAULT CHARSET=latin1;
/*!40101 SET character_set_client = @saved_cs_client */;

--
-- Dumping data for table `PERSONA`
--

LOCK TABLES `PERSONA` WRITE;
/*!40000 ALTER TABLE `PERSONA` DISABLE KEYS */;
INSERT INTO `PERSONA` (`CEDULA`, `APELLIDO`, `DIRECCION`, `NOMBRE`, `TELEFONO`, `ANULADO`, `CORREO`, `PASSWORD`) VALUES ('0101130862','Torres','Uncovia','Leonardo','0998072563','F','leo@leo.com','leo123'),('0102030405','Paute','Giron','Julian','0987548545','F','j@co.com','123'),('0105652747','Alvarado','Checa-Centro','Leo','0979395837','F','torres@leo.com','leo.com'),('0106330145','Chuchuca','Giron','Kronos','0962774012','F','isra@gmai.com','asdf'),('0106330146','Ordonez','Giron','Camila','9876545678','F','cam@g.com','1234'),('0106330147','Gonzales','Giron','Justin','0987434331','F','jus@g.com','1234'),('09812424','Suarez','Trigales','Benito',NULL,'F','@@','##@@!!');
/*!40000 ALTER TABLE `PERSONA` ENABLE KEYS */;
UNLOCK TABLES;

--
-- Table structure for table `PRODUCTO`
--

DROP TABLE IF EXISTS `PRODUCTO`;
/*!40101 SET @saved_cs_client     = @@character_set_client */;
/*!40101 SET character_set_client = utf8 */;
CREATE TABLE `PRODUCTO` (
  `CODIGO` int(11) NOT NULL,
  `IMAGEN` varchar(255) DEFAULT NULL,
  `IVA` char(1) DEFAULT NULL,
  `NOMBRE` varchar(255) DEFAULT NULL,
  `PRECIOCOMPRA` double DEFAULT NULL,
  `PRECIOVENTA` double DEFAULT NULL,
  `STOCK` int(11) DEFAULT NULL,
  `CATEGORIA_CODIGO` int(11) DEFAULT NULL,
  PRIMARY KEY (`CODIGO`),
  KEY `FK_PRODUCTO_CATEGORIA_CODIGO` (`CATEGORIA_CODIGO`),
  CONSTRAINT `FK_PRODUCTO_CATEGORIA_CODIGO` FOREIGN KEY (`CATEGORIA_CODIGO`) REFERENCES `CATEGORIA` (`CODIGO`)
) ENGINE=InnoDB DEFAULT CHARSET=latin1;
/*!40101 SET character_set_client = @saved_cs_client */;

--
-- Dumping data for table `PRODUCTO`
--

LOCK TABLES `PRODUCTO` WRITE;
/*!40000 ALTER TABLE `PRODUCTO` DISABLE KEYS */;
INSERT INTO `PRODUCTO` (`CODIGO`, `IMAGEN`, `IVA`, `NOMBRE`, `PRECIOCOMPRA`, `PRECIOVENTA`, `STOCK`, `CATEGORIA_CODIGO`) VALUES (401,'https://static3.abc.es/media/familia/2018/04/03/kiwi-kC0--1240x698@abc-kyDF--1240x698@abc.jpg','\0','Docena de kiwis',0,0,0,3),(451,'https://www.tutareaescolar.com/wp-content/uploads/Tutarea/tipos/Clases%20de%20uvas%20-%20Clasificaciones%20y%20concepto.jpg','\0','Libra de Uva',3.5,4,0,3),(501,'https://cdn.britannica.com/68/143268-050-917048EA/Beef-loin.jpg','S','Carne de res',3.4,5,10,1),(551,'https://www.grupolucas.net/wp-content/uploads/2019/12/El-br%C3%B3coli-y-sus-prote%C3%ADnas-1024x792.jpg','S','Brocoli',2,2.5,-5,2),(651,'https://i2.wp.com/marketclick.com.ec/wp-content/uploads/2019/05/cebolla2.jpg','S','Cebolla',3.15,4.9,10,2),(701,'https://ecocosas.com/wp-content/uploads/2018/08/cilantro.jpg','S','Cilantro',0.25,0.5,20,2),(751,'https://viprecetas.com/wp-content/uploads/2020/01/aguacate.png','S','aguacate',0.25,0.5,10,2),(801,'https://www.ecestaticos.com/image/clipping/6f8b131b4a60e540f498d804d76350e4/mortadela-de-bolonia-el-embutido-gourmet-de-italia.jpg','S','Mortadela',2.1,2.99,20,1),(851,'https://img.vixdata.io/pd/jpg-large/es/sites/default/files/imj/otramedicina/1/147704221.jpg','S','Col',0.6,0.8,4,2),(901,'https://www.laprensagrafica.com/__export/1508186157976/sites/prensagrafica/img/2017/10/16/pepinos_2.jpg_1902800913.jpg','S','Pepino',0.5,0.75,10,2),(951,'https://www.mercadoflotante.com/blog/wp-content/uploads/2016/04/Arveja.jpg','S','arveja',100,150,10,2),(1001,'https://img.vixdata.io/pd/jpg-large/es/sites/default/files/m/manzana.jpg','N','Manzana',0.15,0.2,0,3),(1201,'https://us.123rf.com/450wm/yvdavyd/yvdavyd1506/yvdavyd150600119/40902782-peach-aislados-en-fondo-blanco-.jpg?ver=6','N','Durazno',0.12,0.25,17,3),(1251,'https://media.mercola.com/assets/images/foodfacts/pear-nutrition-facts.jpg','N','Pera',0.25,0.3,6,3),(1601,'https://www.comefrisk.com/wp-content/uploads/2020/03/Papaya-01.png','S','Papaya',1,1.25,5,3),(1651,'https://www.consorfrut.com/wp-content/uploads/2017/05/cereza-fruta-mes-mayo-consorfrut.jpg','N','rabanos',1.2,1.45,100,2),(1652,'https://www.consorfrut.com/wp-content/uploads/2017/05/cereza-fruta-mes-mayo-consorfrut.jpg','N','Libra de cereza',1.2,1.45,100,3),(2551,'IMG_CABEZA','S','Cabezas de ajos',0.89,1,10,2),(2904,'https://i.pinimg.com/originals/1e/31/ab/1e31ab276f6665092656bde27587e14a.jpg','S','CHITOS',0.25,0.3,40,4),(2905,'https://i.pinimg.com/originals/1e/31/ab/1e31ab276f6665092656bde27587e14a.jpg','S','CHITOS',0.25,0.3,40,4);
/*!40000 ALTER TABLE `PRODUCTO` ENABLE KEYS */;
UNLOCK TABLES;

--
-- Table structure for table `PRODUCTO_BODEGA`
--

DROP TABLE IF EXISTS `PRODUCTO_BODEGA`;
/*!40101 SET @saved_cs_client     = @@character_set_client */;
/*!40101 SET character_set_client = utf8 */;
CREATE TABLE `PRODUCTO_BODEGA` (
  `bodegasList_CODIGO` int(11) NOT NULL,
  `productosList_CODIGO` int(11) NOT NULL,
  PRIMARY KEY (`bodegasList_CODIGO`,`productosList_CODIGO`),
  KEY `FK_PRODUCTO_BODEGA_productosList_CODIGO` (`productosList_CODIGO`),
  CONSTRAINT `FK_PRODUCTO_BODEGA_bodegasList_CODIGO` FOREIGN KEY (`bodegasList_CODIGO`) REFERENCES `BODEGA` (`CODIGO`),
  CONSTRAINT `FK_PRODUCTO_BODEGA_productosList_CODIGO` FOREIGN KEY (`productosList_CODIGO`) REFERENCES `PRODUCTO` (`CODIGO`)
) ENGINE=InnoDB DEFAULT CHARSET=latin1;
/*!40101 SET character_set_client = @saved_cs_client */;

--
-- Dumping data for table `PRODUCTO_BODEGA`
--

LOCK TABLES `PRODUCTO_BODEGA` WRITE;
/*!40000 ALTER TABLE `PRODUCTO_BODEGA` DISABLE KEYS */;
INSERT INTO `PRODUCTO_BODEGA` (`bodegasList_CODIGO`, `productosList_CODIGO`) VALUES (1,401),(1502,401),(1701,401),(1,451),(2,451),(1502,451),(1801,451),(1,501),(2,501),(1502,501),(1801,501),(1,551),(2,551),(1551,551),(1751,551),(1,651),(2,651),(1502,651),(1551,651),(1,701),(2,701),(1551,701),(1701,701),(1801,701),(1,751),(2,751),(1701,751),(1,801),(2,801),(1551,801),(1701,801),(1,851),(2,851),(1,901),(2,901),(1,951),(2,951),(1,1001),(2,1001),(1751,1001),(1,1201),(2,1201),(3,1201),(1801,1201),(1,1251),(3,1251),(1,1601),(3,1601),(1,1651),(3,1651),(1,1652),(1502,1652),(1551,1652),(1701,1652),(1801,2551),(1502,2904),(1502,2905);
/*!40000 ALTER TABLE `PRODUCTO_BODEGA` ENABLE KEYS */;
UNLOCK TABLES;

--
-- Table structure for table `PROVINCIA`
--

DROP TABLE IF EXISTS `PROVINCIA`;
/*!40101 SET @saved_cs_client     = @@character_set_client */;
/*!40101 SET character_set_client = utf8 */;
CREATE TABLE `PROVINCIA` (
  `CODIGO` varchar(255) NOT NULL,
  `NOMBRE` varchar(255) DEFAULT NULL,
  `PAIS_CODIGO` varchar(255) DEFAULT NULL,
  PRIMARY KEY (`CODIGO`),
  KEY `FK_PROVINCIA_PAIS_CODIGO` (`PAIS_CODIGO`),
  CONSTRAINT `FK_PROVINCIA_PAIS_CODIGO` FOREIGN KEY (`PAIS_CODIGO`) REFERENCES `PAIS` (`CODIGO`)
) ENGINE=InnoDB DEFAULT CHARSET=latin1;
/*!40101 SET character_set_client = @saved_cs_client */;

--
-- Dumping data for table `PROVINCIA`
--

LOCK TABLES `PROVINCIA` WRITE;
/*!40000 ALTER TABLE `PROVINCIA` DISABLE KEYS */;
INSERT INTO `PROVINCIA` (`CODIGO`, `NOMBRE`, `PAIS_CODIGO`) VALUES ('','','EC'),('AZ','AZUAY','EC'),('GY','GUAYAS','EC'),('PROVINCIA DE BOLIVAR','PROVINCIA DE BOLIVAR','EC'),('PROVINCIA DE COTOPAXI','PROVINCIA DE COTOPAXI','EC'),('PROVINCIA DE EL ORO','PROVINCIA DE EL ORO','EC'),('PROVINCIA DE ESMERALDAS','PROVINCIA DE ESMERALDAS','EC'),('PROVINCIA DE GALAPAGOS','PROVINCIA DE GALAPAGOS','EC'),('PROVINCIA DE IMBABURA','PROVINCIA DE IMBABURA','EC'),('PROVINCIA DE LOJA','PROVINCIA DE LOJA','EC'),('PROVINCIA DE LOS RIOS','PROVINCIA DE LOS RIOS','EC'),('PROVINCIA DE MANABI','PROVINCIA DE MANABI','EC'),('PROVINCIA DE MORONA','PROVINCIA DE MORONA','EC'),('PROVINCIA DE NAPO','PROVINCIA DE NAPO','EC'),('PROVINCIA DE ZAMORA','PROVINCIA DE ZAMORA','EC'),('PROVINCIA DEL AZUAY','PROVINCIA DEL AZUAY','EC'),('UI','PICHINCHA','EC');
/*!40000 ALTER TABLE `PROVINCIA` ENABLE KEYS */;
UNLOCK TABLES;

--
-- Table structure for table `ROL`
--

DROP TABLE IF EXISTS `ROL`;
/*!40101 SET @saved_cs_client     = @@character_set_client */;
/*!40101 SET character_set_client = utf8 */;
CREATE TABLE `ROL` (
  `NOMBRE` varchar(255) NOT NULL,
  `DESCRIPCION` varchar(255) DEFAULT NULL,
  PRIMARY KEY (`NOMBRE`)
) ENGINE=InnoDB DEFAULT CHARSET=latin1;
/*!40101 SET character_set_client = @saved_cs_client */;

--
-- Dumping data for table `ROL`
--

LOCK TABLES `ROL` WRITE;
/*!40000 ALTER TABLE `ROL` DISABLE KEYS */;
INSERT INTO `ROL` (`NOMBRE`, `DESCRIPCION`) VALUES ('Administrador','Rol para el admin'),('Empleado','Rol de empleado'),('Leo','Rol para el admin'),('Secretaria','Rol para la secretaria');
/*!40000 ALTER TABLE `ROL` ENABLE KEYS */;
UNLOCK TABLES;

--
-- Table structure for table `SEQUENCE`
--

DROP TABLE IF EXISTS `SEQUENCE`;
/*!40101 SET @saved_cs_client     = @@character_set_client */;
/*!40101 SET character_set_client = utf8 */;
CREATE TABLE `SEQUENCE` (
  `SEQ_NAME` varchar(50) NOT NULL,
  `SEQ_COUNT` decimal(38,0) DEFAULT NULL,
  PRIMARY KEY (`SEQ_NAME`)
) ENGINE=InnoDB DEFAULT CHARSET=latin1;
/*!40101 SET character_set_client = @saved_cs_client */;

--
-- Dumping data for table `SEQUENCE`
--

LOCK TABLES `SEQUENCE` WRITE;
/*!40000 ALTER TABLE `SEQUENCE` DISABLE KEYS */;
INSERT INTO `SEQUENCE` (`SEQ_NAME`, `SEQ_COUNT`) VALUES ('SEQ_GEN',3050);
/*!40000 ALTER TABLE `SEQUENCE` ENABLE KEYS */;
UNLOCK TABLES;

--
-- Table structure for table `STOCK`
--

DROP TABLE IF EXISTS `STOCK`;
/*!40101 SET @saved_cs_client     = @@character_set_client */;
/*!40101 SET character_set_client = utf8 */;
CREATE TABLE `STOCK` (
  `CODIGO` int(11) NOT NULL AUTO_INCREMENT,
  `STOCK` int(11) DEFAULT NULL,
  `BODEGA_CODIGO` int(11) DEFAULT NULL,
  `PRODUCTO_CODIGO` int(11) DEFAULT NULL,
  PRIMARY KEY (`CODIGO`),
  KEY `FK_STOCK_PRODUCTO_CODIGO` (`PRODUCTO_CODIGO`),
  KEY `FK_STOCK_BODEGA_CODIGO` (`BODEGA_CODIGO`),
  CONSTRAINT `FK_STOCK_BODEGA_CODIGO` FOREIGN KEY (`BODEGA_CODIGO`) REFERENCES `BODEGA` (`CODIGO`),
  CONSTRAINT `FK_STOCK_PRODUCTO_CODIGO` FOREIGN KEY (`PRODUCTO_CODIGO`) REFERENCES `PRODUCTO` (`CODIGO`)
) ENGINE=InnoDB AUTO_INCREMENT=20 DEFAULT CHARSET=latin1;
/*!40101 SET character_set_client = @saved_cs_client */;

--
-- Dumping data for table `STOCK`
--

LOCK TABLES `STOCK` WRITE;
/*!40000 ALTER TABLE `STOCK` DISABLE KEYS */;
INSERT INTO `STOCK` (`CODIGO`, `STOCK`, `BODEGA_CODIGO`, `PRODUCTO_CODIGO`) VALUES (1,45,1,951),(2,69,2,1001),(3,20,3,1001),(4,20,1,1251),(5,10,3,1601),(6,10,1,1601),(7,100,1551,1651),(8,100,1502,1651),(9,100,1,1651),(10,100,2,1651),(11,100,3,1651),(12,100,2,1652),(13,100,1,1652),(14,100,1502,1652),(15,100,1551,1652),(16,100,3,1652),(17,9,1801,2551),(18,40,1502,2904),(19,40,1502,2905);
/*!40000 ALTER TABLE `STOCK` ENABLE KEYS */;
UNLOCK TABLES;

--
-- Table structure for table `USUARIO`
--

DROP TABLE IF EXISTS `USUARIO`;
/*!40101 SET @saved_cs_client     = @@character_set_client */;
/*!40101 SET character_set_client = utf8 */;
CREATE TABLE `USUARIO` (
  `CODIGO` int(11) NOT NULL,
  `CORREO` varchar(255) DEFAULT NULL,
  `PASSWORD` varchar(255) DEFAULT NULL,
  `ROL_NOMBRE` varchar(255) DEFAULT NULL,
  PRIMARY KEY (`CODIGO`),
  KEY `FK_USUARIO_ROL_NOMBRE` (`ROL_NOMBRE`),
  CONSTRAINT `FK_USUARIO_ROL_NOMBRE` FOREIGN KEY (`ROL_NOMBRE`) REFERENCES `ROL` (`NOMBRE`)
) ENGINE=InnoDB DEFAULT CHARSET=latin1;
/*!40101 SET character_set_client = @saved_cs_client */;

--
-- Dumping data for table `USUARIO`
--

LOCK TABLES `USUARIO` WRITE;
/*!40000 ALTER TABLE `USUARIO` DISABLE KEYS */;
INSERT INTO `USUARIO` (`CODIGO`, `CORREO`, `PASSWORD`, `ROL_NOMBRE`) VALUES (1,'kronos@g.com','12345678','Administrador'),(2,'julian@gmail.com','julian@123','Empleado');
/*!40000 ALTER TABLE `USUARIO` ENABLE KEYS */;
UNLOCK TABLES;
/*!40103 SET TIME_ZONE=@OLD_TIME_ZONE */;

/*!40101 SET SQL_MODE=@OLD_SQL_MODE */;
/*!40014 SET FOREIGN_KEY_CHECKS=@OLD_FOREIGN_KEY_CHECKS */;
/*!40014 SET UNIQUE_CHECKS=@OLD_UNIQUE_CHECKS */;
/*!40101 SET CHARACTER_SET_CLIENT=@OLD_CHARACTER_SET_CLIENT */;
/*!40101 SET CHARACTER_SET_RESULTS=@OLD_CHARACTER_SET_RESULTS */;
/*!40101 SET COLLATION_CONNECTION=@OLD_COLLATION_CONNECTION */;
/*!40111 SET SQL_NOTES=@OLD_SQL_NOTES */;

-- Dump completed on 2020-07-22 14:55:07
